,0,1,2,3,4,5,6,7,8,9,10,11,12,13,14,15,16,17,18,19,20,21,22,23,24,25,26,27,28,29,30,31,32,33,34,35,36,37,38,39,40,41,42,43,44,45,46,47,48,49,50,51,52,53,54,55,56,57,58,59,60,61,62,63,64,65,66,67,68,69,label(ppm)
28,0.143675,0.14432,0.144642,0.143353,0.14432,0.14432,0.143675,0.143675,0.143998,0.143998,0.143675,0.14432,0.14432,0.14432,0.14432,0.143353,0.143998,0.143998,0.143998,0.143998,1.624577,2.837717,3.193121,3.277863,3.286885,3.272708,3.251764,3.229531,3.208265,3.177654,3.160577,3.141888,3.122555,3.106445,3.092267,3.076479,3.062301,3.048446,3.029435,3.011713,3.002047,2.990447,2.977881,2.964026,2.952104,2.943082,2.932771,2.92246,2.912793,2.893783,1.927781,0.78875,0.368904,0.230351,0.179441,0.157208,0.148186,0.144964,0.142064,0.141098,0.140775,0.139487,0.139809,0.139487,0.13852,0.138842,0.13852,0.13852,0.13852,0.138198,30
29,0.14432,0.143998,0.143031,0.14432,0.143675,0.143998,0.143675,0.143675,0.143675,0.143353,0.143675,0.143031,0.143353,0.143353,0.142709,0.143031,0.143998,0.143353,0.143675,0.143353,1.634888,2.834495,3.190865,3.273997,3.281085,3.264975,3.244675,3.222442,3.201176,3.180232,3.161543,3.142533,3.124811,3.108056,3.091623,3.076801,3.061657,3.040068,3.025891,3.014936,3.000758,2.987869,2.975303,2.964992,2.95307,2.941793,2.931482,2.921493,2.902482,2.893783,1.880738,0.769095,0.362137,0.227451,0.177508,0.156242,0.147864,0.143353,0.141098,0.140453,0.139487,0.139809,0.139487,0.139487,0.138198,0.138842,0.13852,0.138198,0.13852,0.137875,30
30,0.143353,0.143031,0.143031,0.143031,0.143675,0.143031,0.142386,0.143675,0.143031,0.143031,0.143998,0.143998,0.143353,0.143675,0.142709,0.143031,0.143675,0.143031,0.143031,0.143353,1.413848,2.765863,3.174432,3.272386,3.28463,3.272386,3.250475,3.228886,3.206331,3.17991,3.158321,3.139955,3.121267,3.103222,3.08679,3.072612,3.05779,3.044257,3.03008,3.017513,3.004947,2.992703,2.978203,2.958548,2.95017,2.939859,2.926649,2.915371,2.905382,2.896038,2.067945,0.850938,0.388559,0.236151,0.180408,0.158497,0.148831,0.143353,0.141098,0.139809,0.139164,0.139164,0.139164,0.13852,0.13852,0.138198,0.137875,0.138198,0.138198,0.137231,30
31,0.143353,0.142709,0.143031,0.143031,0.143353,0.142709,0.143031,0.143353,0.142709,0.143031,0.142386,0.142386,0.143031,0.143031,0.143353,0.142064,0.142386,0.142709,0.143031,0.143031,1.27594,2.714309,3.153488,3.263363,3.279474,3.266586,3.245964,3.225987,3.204398,3.183776,3.165088,3.145755,3.128355,3.104834,3.085178,3.072612,3.05779,3.042646,3.028146,3.013647,3.002047,2.989481,2.977559,2.966603,2.955326,2.943726,2.933737,2.921815,2.911827,2.898294,2.206175,0.918281,0.411436,0.24324,0.183952,0.160108,0.148509,0.143998,0.142064,0.139809,0.139809,0.13852,0.139164,0.138842,0.139487,0.13852,0.13852,0.138198,0.13852,0.137875,30
32,0.143031,0.143031,0.143353,0.143353,0.143031,0.142064,0.143031,0.142386,0.143031,0.143031,0.142709,0.143031,0.143031,0.142386,0.143031,0.143031,0.143031,0.142709,0.143675,0.143031,1.333294,2.73783,3.16831,3.271097,3.27593,3.264975,3.246608,3.223731,3.20182,3.179265,3.159288,3.141566,3.124166,3.107734,3.090978,3.075834,3.061012,3.047479,3.030724,3.011069,3.001402,2.988514,2.974981,2.963703,2.954037,2.942759,2.931804,2.920849,2.909893,2.899582,2.192964,0.90797,0.40757,0.242918,0.183952,0.159464,0.149153,0.143675,0.141098,0.140453,0.139809,0.139164,0.13852,0.138198,0.138198,0.137875,0.137875,0.138198,0.137875,0.137875,30
33,0.143353,0.143031,0.142064,0.143031,0.142709,0.143031,0.142709,0.142709,0.143031,0.142386,0.143353,0.143353,0.143353,0.142709,0.143031,0.143031,0.142709,0.142709,0.142709,0.142709,1.140609,2.665976,3.144144,3.261752,3.280119,3.27013,3.250797,3.228886,3.206976,3.186676,3.166699,3.142211,3.121911,3.106122,3.089367,3.074868,3.060368,3.046835,3.033946,3.014291,2.999791,2.989481,2.97627,2.965314,2.954681,2.943726,2.932771,2.922782,2.906349,2.896038,2.340539,0.981757,0.43238,0.250329,0.18653,0.160431,0.149475,0.14432,0.142064,0.140775,0.139164,0.139164,0.138842,0.139164,0.13852,0.137875,0.137875,0.137553,0.138198,0.137875,30
34,0.143031,0.142709,0.142386,0.143353,0.142709,0.142709,0.142386,0.143031,0.142709,0.142709,0.142386,0.142709,0.142386,0.142386,0.143031,0.14142,0.143998,0.142064,0.143031,0.142386,0.86286,2.561901,3.121589,3.259175,3.284307,3.275285,3.254986,3.228242,3.201498,3.18281,3.163155,3.142533,3.123844,3.107411,3.092912,3.076801,3.061657,3.046835,3.03298,3.019769,3.006236,2.993347,2.981425,2.969825,2.955648,2.938571,2.930837,2.917627,2.907316,2.896038,2.182976,0.904426,0.406281,0.242595,0.182986,0.158819,0.148509,0.143998,0.14142,0.139809,0.139809,0.139809,0.138842,0.138842,0.138842,0.138198,0.138198,0.138198,0.137553,0.137875,30
35,0.142064,0.143031,0.142064,0.142709,0.142709,0.143031,0.142386,0.142709,0.143031,0.142709,0.143675,0.142386,0.142064,0.143031,0.142064,0.142386,0.143353,0.143031,0.142709,0.142709,1.126754,2.657277,3.144144,3.26143,3.278508,3.26723,3.248219,3.22792,3.206009,3.185387,3.166054,3.147044,3.129,3.1116,3.0942,3.074545,3.055857,3.038779,3.024924,3.011069,3.00108,2.989158,2.975303,2.962092,2.952104,2.941793,2.93116,2.920526,2.910216,2.900549,2.276096,0.949858,0.421747,0.247106,0.184919,0.160108,0.147864,0.143675,0.141742,0.140775,0.139487,0.138842,0.139164,0.138198,0.13852,0.137875,0.13852,0.137875,0.137231,0.137231,30
36,0.142386,0.143353,0.142064,0.142709,0.143353,0.142709,0.142709,0.142709,0.142709,0.143031,0.142709,0.143031,0.143353,0.143031,0.143031,0.142386,0.142386,0.142386,0.142386,0.143353,0.821938,2.540635,3.112567,3.254664,3.281408,3.273674,3.253375,3.232753,3.210842,3.18861,3.16251,3.144466,3.124811,3.1087,3.093556,3.078412,3.06359,3.048768,3.03588,3.014291,3.004302,2.990447,2.977881,2.966925,2.956292,2.945015,2.934382,2.924393,2.914082,2.903449,2.29124,0.956624,0.424325,0.248718,0.185886,0.160753,0.148831,0.144642,0.142064,0.141098,0.139809,0.139164,0.139164,0.139164,0.13852,0.138842,0.13852,0.138842,0.139164,0.137875,30
37,0.143353,0.143031,0.143353,0.142386,0.143353,0.143675,0.142709,0.142386,0.143675,0.143031,0.143031,0.143031,0.143353,0.143353,0.143998,0.143031,0.143353,0.142709,0.143353,0.143353,1.011723,2.617322,3.133833,3.260464,3.280441,3.270774,3.251764,3.23082,3.209876,3.189254,3.168632,3.140922,3.124811,3.109345,3.091623,3.075512,3.061012,3.046513,3.033946,3.020735,3.007525,2.996247,2.984003,2.965314,2.955648,2.941793,2.932126,2.921815,2.912471,2.903449,2.218419,0.921825,0.413047,0.244851,0.185563,0.160753,0.149475,0.144642,0.142386,0.140775,0.140775,0.140131,0.139164,0.139809,0.139164,0.139164,0.138842,0.139164,0.138842,0.138198,30
38,0.143353,0.143031,0.143675,0.143353,0.143998,0.143031,0.143353,0.143675,0.143998,0.143675,0.143353,0.143353,0.143998,0.143353,0.143675,0.143675,0.143675,0.143031,0.143353,0.143031,0.730107,2.505513,3.106767,3.258852,3.287852,3.280763,3.251442,3.234364,3.210198,3.189576,3.171854,3.15381,3.135444,3.119333,3.100967,3.078412,3.066168,3.050701,3.037491,3.024924,3.013324,3.000436,2.989158,2.977881,2.956292,2.947915,2.938248,2.926004,2.914727,2.90506,2.272552,0.950502,0.42368,0.24904,0.186852,0.162042,0.150764,0.145931,0.143353,0.141742,0.141098,0.141098,0.140775,0.139809,0.140453,0.139809,0.139164,0.139487,0.138842,0.139809,30
39,0.144964,0.144964,0.14432,0.144964,0.144964,0.143998,0.14432,0.143675,0.144964,0.144642,0.144642,0.14432,0.144642,0.144642,0.144642,0.14432,0.144642,0.144964,0.14432,0.14432,0.923758,2.5909,3.133189,3.266586,3.29043,3.280441,3.260786,3.238875,3.215998,3.194409,3.174754,3.156066,3.1377,3.120944,3.103545,3.088401,3.065846,3.049735,3.037168,3.025246,3.011069,2.997858,2.984969,2.973048,2.962092,2.952426,2.940182,2.929226,2.918915,2.908927,2.472969,1.0549,0.459446,0.261606,0.191685,0.163975,0.151409,0.145286,0.143675,0.142386,0.141098,0.141098,0.140453,0.140775,0.139809,0.139487,0.139487,0.139487,0.139487,0.139809,30
40,0.144964,0.14432,0.144642,0.14432,0.143998,0.143998,0.144642,0.144964,0.14432,0.144642,0.144642,0.144642,0.144642,0.142709,0.145609,0.144642,0.144642,0.144642,0.14432,0.145609,0.941803,2.5996,3.137055,3.261108,3.287852,3.277863,3.256919,3.233397,3.212776,3.193443,3.173788,3.154455,3.137055,3.1203,3.103867,3.079701,3.06359,3.052957,3.038779,3.024924,3.010747,2.999147,2.988514,2.976592,2.966281,2.954037,2.944048,2.923426,2.915049,2.906349,2.462014,1.0491,0.456224,0.260962,0.191041,0.163653,0.152053,0.146253,0.143031,0.142064,0.140775,0.140453,0.140453,0.139809,0.139809,0.139809,0.139487,0.139487,0.139164,0.138842,30
41,0.14432,0.144964,0.144642,0.143675,0.144642,0.14432,0.143675,0.14432,0.14432,0.14432,0.143998,0.144964,0.14432,0.14432,0.144642,0.144642,0.14432,0.14432,0.144964,0.144964,0.410792,2.362127,3.064557,3.246931,3.286563,3.281085,3.261108,3.23952,3.218898,3.197954,3.178299,3.15961,3.141566,3.115789,3.102578,3.085178,3.070679,3.05779,3.043613,3.030724,3.017835,3.005913,2.984647,2.974981,2.963381,2.950492,2.940504,2.930193,2.920526,2.910538,2.584456,1.117088,0.479746,0.269017,0.194585,0.164942,0.152375,0.146253,0.143675,0.142709,0.14142,0.140775,0.140453,0.139487,0.139809,0.139487,0.139809,0.139164,0.139809,0.139487,30
42,0.144964,0.143675,0.14432,0.14432,0.14432,0.14432,0.144642,0.14432,0.14432,0.14432,0.144642,0.144964,0.14432,0.144642,0.144964,0.14432,0.14432,0.144964,0.144642,0.144964,0.659542,2.481669,3.105156,3.251764,3.285919,3.276574,3.257564,3.237264,3.215353,3.195054,3.175399,3.156066,3.138666,3.112567,3.098067,3.081312,3.067779,3.053279,3.039424,3.026213,3.014291,3.001402,2.980136,2.969503,2.960159,2.94727,2.935348,2.92536,2.915049,2.904738,2.447192,1.040078,0.453324,0.258384,0.190397,0.162042,0.15012,0.144964,0.143031,0.14142,0.141098,0.140131,0.139809,0.139487,0.139164,0.139809,0.138842,0.139164,0.139164,0.139164,30
43,0.143675,0.143998,0.14432,0.143675,0.143998,0.143675,0.143353,0.14432,0.14432,0.14432,0.14432,0.143998,0.143675,0.143998,0.144642,0.143675,0.144964,0.143998,0.143998,0.143675,0.349249,2.321528,3.05779,3.248219,3.28753,3.283663,3.25563,3.236297,3.214709,3.192476,3.170888,3.153166,3.136411,3.119655,3.102578,3.087434,3.071968,3.048768,3.035235,3.02428,3.010747,2.996891,2.983681,2.971759,2.96177,2.95017,2.939537,2.928582,2.918271,2.907316,2.613133,1.131265,0.484579,0.269662,0.194263,0.165264,0.152053,0.145931,0.143675,0.141742,0.140453,0.140453,0.140131,0.139809,0.139809,0.139809,0.138198,0.139809,0.13852,0.13852,30
44,0.14432,0.143031,0.144642,0.143353,0.143675,0.14432,0.143675,0.143998,0.143675,0.14432,0.143675,0.14432,0.143998,0.143675,0.14432,0.143998,0.143675,0.143353,0.143675,0.144642,0.568677,2.433659,3.086467,3.251764,3.28463,3.277219,3.258852,3.23662,3.215031,3.194732,3.173788,3.14511,3.129644,3.112567,3.0942,3.079379,3.064557,3.051346,3.036846,3.02428,3.011391,2.999469,2.983358,2.964992,2.956937,2.945981,2.933737,2.92246,2.91086,2.900227,2.779074,1.231474,0.517767,0.279328,0.197808,0.164942,0.151731,0.145609,0.142709,0.140775,0.140775,0.139164,0.139487,0.13852,0.138842,0.13852,0.137875,0.138198,0.137875,0.138198,30
45,0.143031,0.143353,0.143353,0.143353,0.143031,0.142709,0.143031,0.143031,0.143031,0.142709,0.142386,0.143675,0.143031,0.143031,0.143031,0.143353,0.143031,0.143031,0.142709,0.143675,0.567711,2.431404,3.085178,3.251119,3.283985,3.277863,3.25853,3.235009,3.20762,3.186998,3.167343,3.146722,3.128678,3.113211,3.0971,3.081634,3.067779,3.047801,3.032657,3.020413,3.005269,2.993025,2.982714,2.970792,2.959837,2.948881,2.937926,2.92246,2.90796,2.900227,2.835462,1.266273,0.530334,0.283839,0.199096,0.165586,0.151731,0.144964,0.142064,0.140453,0.138842,0.139164,0.138198,0.139164,0.137553,0.13852,0.137553,0.137875,0.136909,0.138198,30
46,0.143031,0.143353,0.142386,0.142386,0.142709,0.142709,0.142709,0.142709,0.142709,0.143031,0.143353,0.141742,0.143675,0.142386,0.143031,0.142386,0.143031,0.143353,0.142064,0.142386,0.288994,2.276096,3.037813,3.237264,3.279152,3.273352,3.255308,3.234042,3.212131,3.191509,3.171854,3.152521,3.1348,3.1174,3.1,3.084212,3.069068,3.048446,3.032657,3.02138,3.007847,2.993992,2.983358,2.970148,2.960481,2.948559,2.937282,2.926326,2.916982,2.906349,2.694009,1.180886,0.501334,0.274173,0.195874,0.165264,0.151409,0.145931,0.142064,0.14142,0.140453,0.140131,0.139487,0.139487,0.138842,0.139164,0.138842,0.13852,0.138198,0.138842,30
47,0.143353,0.142064,0.143353,0.143031,0.143031,0.143998,0.143031,0.143353,0.143353,0.143675,0.143031,0.142709,0.142386,0.143031,0.143353,0.143031,0.142386,0.143031,0.143031,0.143675,0.259351,2.262563,3.038779,3.243064,3.277541,3.277219,3.257564,3.235009,3.215031,3.194732,3.175077,3.156066,3.129322,3.115144,3.096778,3.082601,3.068423,3.05489,3.041357,3.023313,3.009136,2.995603,2.983358,2.973692,2.962737,2.952426,2.934059,2.924071,2.914082,2.90216,2.894105,1.35456,0.562555,0.295439,0.203607,0.168486,0.15302,0.146575,0.143353,0.141742,0.140775,0.139164,0.139809,0.139164,0.139487,0.138842,0.138842,0.13852,0.137875,0.137231,30
48,0.143031,0.143353,0.143353,0.143353,0.143353,0.143353,0.143353,0.143031,0.143031,0.143675,0.143031,0.143031,0.143353,0.143353,0.143353,0.143353,0.143031,0.143998,0.143353,0.143031,0.143353,1.905548,2.926326,3.210198,3.274963,3.279796,3.264652,3.244353,3.221798,3.200854,3.181199,3.153166,3.134155,3.118367,3.1,3.08389,3.068745,3.055857,3.042324,3.028791,3.016869,2.995925,2.985936,2.973692,2.961126,2.949848,2.939215,2.929226,2.918271,2.908604,2.898938,1.40257,0.580599,0.301883,0.206185,0.169453,0.153664,0.146253,0.143031,0.141098,0.140453,0.140453,0.139487,0.138842,0.138842,0.13852,0.139164,0.138842,0.13852,0.138842,30
49,0.143353,0.14432,0.143353,0.143675,0.143998,0.143031,0.143675,0.143353,0.143031,0.143353,0.143353,0.143031,0.143675,0.143675,0.143675,0.143353,0.143353,0.14432,0.143031,0.143353,0.143353,1.813717,2.899582,3.20762,3.278508,3.283985,3.269163,3.248864,3.216642,3.196987,3.17701,3.15671,3.139955,3.122878,3.106445,3.091623,3.076479,3.06069,3.039424,3.027824,3.013324,3.002047,2.991092,2.978847,2.967892,2.956937,2.937604,2.929226,2.917304,2.908604,2.899582,1.51889,0.624421,0.316061,0.211341,0.17203,0.154308,0.147864,0.143675,0.142709,0.141098,0.141098,0.139809,0.138842,0.139487,0.139487,0.13852,0.138842,0.138842,0.13852,30
50,0.143998,0.143675,0.143998,0.143675,0.143998,0.143998,0.143675,0.143675,0.14432,0.143353,0.143998,0.14432,0.143998,0.143353,0.143353,0.143998,0.143353,0.144642,0.143998,0.143675,0.143353,2.018324,2.963381,3.222442,3.280763,3.283341,3.266263,3.244353,3.22212,3.200854,3.180554,3.161543,3.142855,3.125133,3.1087,3.092267,3.076479,3.061335,3.047157,3.02428,3.011713,2.999791,2.987869,2.97627,2.964348,2.952104,2.940504,2.930837,2.921171,2.91086,2.900549,1.41707,0.586077,0.303816,0.20683,0.170097,0.153986,0.146575,0.143998,0.141742,0.141742,0.140453,0.140131,0.139487,0.140131,0.139487,0.139164,0.139164,0.138842,0.13852,30
51,0.144642,0.143998,0.144642,0.144642,0.14432,0.144642,0.14432,0.143675,0.14432,0.144642,0.143675,0.14432,0.143675,0.143675,0.14432,0.143998,0.143998,0.143998,0.144642,0.143998,0.143031,2.025735,2.965959,3.223731,3.283341,3.284952,3.268519,3.248864,3.216964,3.198276,3.178299,3.157355,3.139955,3.123522,3.106445,3.091945,3.076801,3.062301,3.048768,3.02718,3.013002,3.00108,2.990769,2.977881,2.964992,2.954359,2.944693,2.934059,2.923426,2.912793,2.903127,1.518246,0.623776,0.316383,0.211985,0.17203,0.15592,0.147864,0.144642,0.142386,0.141742,0.141098,0.140775,0.140775,0.140131,0.139487,0.140453,0.13852,0.139164,0.140131,30
52,0.143353,0.143998,0.144642,0.14432,0.144642,0.144642,0.14432,0.14432,0.144642,0.14432,0.143675,0.14432,0.144642,0.143998,0.143998,0.14432,0.144642,0.143998,0.143675,0.143998,0.143675,1.891693,2.924071,3.214709,3.283019,3.286885,3.272063,3.252086,3.229531,3.201498,3.180554,3.161221,3.142533,3.127066,3.110956,3.095812,3.076156,3.061335,3.045546,3.033302,3.022024,3.009458,2.997858,2.977236,2.968214,2.956292,2.94727,2.937282,2.927937,2.916338,2.901838,1.511479,0.622809,0.315416,0.212307,0.172353,0.155597,0.148509,0.144642,0.143353,0.142064,0.140775,0.140453,0.141098,0.140453,0.140775,0.140775,0.140131,0.140131,0.139809,30
53,0.145286,0.144642,0.144642,0.143998,0.144642,0.14432,0.144642,0.144964,0.144642,0.144642,0.144642,0.145609,0.144964,0.144642,0.145286,0.145286,0.144642,0.145286,0.14432,0.143998,0.144964,2.044423,2.971114,3.226631,3.284952,3.28463,3.267874,3.247575,3.226953,3.205365,3.185387,3.166699,3.148333,3.121267,3.107734,3.091945,3.075834,3.06069,3.04619,3.033624,3.020735,3.007847,2.996247,2.984647,2.972725,2.96177,2.950815,2.940182,2.925037,2.909893,2.899582,1.482802,0.612499,0.313161,0.211663,0.172353,0.155275,0.148186,0.144642,0.143675,0.141742,0.141098,0.140775,0.141098,0.14142,0.140453,0.140453,0.139809,0.140775,0.139809,30
54,0.144642,0.145609,0.145286,0.145609,0.145286,0.145286,0.145286,0.144642,0.144964,0.145609,0.145609,0.145286,0.144964,0.144964,0.145286,0.145609,0.145286,0.144964,0.144642,0.145931,0.14432,1.84175,2.911827,3.215998,3.286563,3.291718,3.276897,3.245964,3.227598,3.204076,3.183454,3.164443,3.147044,3.129644,3.113211,3.097745,3.082601,3.068423,3.045868,3.034591,3.020413,3.00688,2.994314,2.982714,2.971759,2.960159,2.949204,2.937926,2.927937,2.917304,2.906671,1.483124,0.611854,0.313161,0.211341,0.172675,0.15592,0.149153,0.144964,0.143353,0.142709,0.141098,0.14142,0.141098,0.140775,0.140453,0.140453,0.140453,0.139809,0.139809,30
55,0.14432,0.145286,0.145931,0.145286,0.145286,0.145286,0.144642,0.145609,0.144964,0.145286,0.144964,0.145286,0.145286,0.145609,0.145286,0.145286,0.145286,0.145286,0.145609,0.145931,0.145609,2.059567,2.984003,3.224698,3.283985,3.283663,3.266586,3.247575,3.226309,3.20472,3.185387,3.165732,3.137055,3.122878,3.106767,3.089367,3.073256,3.059401,3.046513,3.033624,3.020735,3.008169,2.996569,2.977881,2.966281,2.955003,2.942759,2.932126,2.922782,2.912793,2.902805,1.484091,0.612176,0.312516,0.210374,0.171708,0.155275,0.147864,0.143998,0.143031,0.14142,0.140775,0.140131,0.140131,0.139809,0.139487,0.139164,0.139164,0.139487,0.139487,30
56,0.144642,0.144642,0.144964,0.143998,0.144642,0.144642,0.14432,0.144642,0.144964,0.144642,0.144642,0.143998,0.143675,0.143998,0.144964,0.14432,0.144642,0.14432,0.14432,0.143998,0.144642,1.961292,2.947915,3.22212,3.284307,3.286885,3.271741,3.245319,3.221153,3.199565,3.179265,3.16251,3.144144,3.127711,3.102578,3.088723,3.072934,3.06069,3.046835,3.034268,3.013324,3.004302,2.989158,2.977881,2.967892,2.957259,2.94727,2.936959,2.91956,2.908927,2.89926,1.603633,0.657931,0.327338,0.215852,0.173319,0.156242,0.14722,0.143675,0.142064,0.141742,0.140131,0.139487,0.140131,0.139487,0.139487,0.139487,0.139487,0.139164,0.138842,30
57,0.143998,0.144642,0.143675,0.14432,0.143998,0.14432,0.143998,0.144642,0.143675,0.145286,0.143998,0.143998,0.143998,0.143998,0.143998,0.143675,0.14432,0.14432,0.143353,0.144642,0.143675,1.940348,2.941793,3.219864,3.283663,3.286563,3.261752,3.241453,3.220509,3.197632,3.177332,3.158321,3.140599,3.123844,3.107411,3.091301,3.076801,3.052312,3.039424,3.02718,3.013324,2.999791,2.988514,2.976914,2.965959,2.954359,2.943726,2.933415,2.916338,2.904093,2.894749,1.427381,0.589299,0.303172,0.206507,0.170419,0.154308,0.146897,0.143031,0.141742,0.140775,0.139809,0.139809,0.139487,0.139164,0.138842,0.13852,0.139164,0.13852,0.13852,30
58,0.143031,0.143998,0.143675,0.143353,0.143353,0.142386,0.143353,0.143675,0.143353,0.143675,0.143675,0.143675,0.143353,0.143675,0.143353,0.142709,0.143353,0.142709,0.143353,0.143031,0.142709,2.0847,2.981747,3.224053,3.276897,3.277219,3.261108,3.239842,3.218253,3.196343,3.17701,3.157677,3.139633,3.112567,3.098711,3.082923,3.067134,3.051346,3.038457,3.025569,3.012358,3.000114,2.988192,2.976914,2.956292,2.943726,2.935348,2.924715,2.912793,2.901838,2.891527,1.493757,0.612821,0.310905,0.209085,0.169453,0.153664,0.145931,0.142386,0.14142,0.140131,0.139164,0.13852,0.138842,0.139164,0.137875,0.138198,0.13852,0.138198,0.137553,30
59,0.142386,0.143031,0.142064,0.142709,0.143353,0.142386,0.142386,0.142709,0.143031,0.143353,0.142709,0.142709,0.142709,0.143031,0.142064,0.143353,0.143031,0.142386,0.143031,0.142709,0.143031,2.085022,2.982714,3.225342,3.279152,3.279152,3.262397,3.242097,3.213742,3.187965,3.170243,3.151233,3.1319,3.114178,3.097745,3.082601,3.067457,3.053279,3.039424,3.025891,3.012358,2.999791,2.987869,2.969825,2.954681,2.945015,2.935671,2.924715,2.913438,2.901194,2.890883,1.538223,0.63022,0.316383,0.210696,0.169775,0.153986,0.146575,0.143031,0.140775,0.140453,0.139487,0.138198,0.13852,0.137875,0.138198,0.137875,0.138198,0.137553,0.137875,30
60,0.143031,0.142386,0.143031,0.143031,0.142709,0.143353,0.143031,0.142386,0.142709,0.143031,0.142386,0.142386,0.142064,0.142709,0.142386,0.143031,0.143031,0.142386,0.142386,0.142386,0.142386,1.821128,2.895071,3.200532,3.273352,3.277219,3.261108,3.239842,3.216964,3.195054,3.17411,3.155744,3.1377,3.120622,3.103867,3.088078,3.07229,3.05779,3.04329,3.029757,3.01558,3.002691,2.989803,2.978203,2.965959,2.955003,2.943082,2.932771,2.921171,2.910538,2.89926,1.747663,0.71303,0.343771,0.220685,0.17493,0.155597,0.14722,0.143675,0.14142,0.139809,0.139164,0.139487,0.138842,0.13852,0.138842,0.138198,0.137553,0.137875,0.138198,30
61,0.142709,0.143031,0.143353,0.143675,0.142709,0.142709,0.143675,0.142386,0.143031,0.142064,0.143031,0.142709,0.142709,0.142386,0.142386,0.142709,0.142386,0.143031,0.142064,0.143031,0.142709,1.812106,2.894105,3.202465,3.274963,3.280763,3.265941,3.245319,3.222764,3.201176,3.180876,3.155744,3.132866,3.118367,3.102256,3.085823,3.069712,3.053601,3.040391,3.02718,3.015258,3.002369,2.990769,2.978525,2.96757,2.95597,2.945015,2.927293,2.915371,2.904738,2.896038,1.723819,0.70433,0.340871,0.22004,0.175252,0.15592,0.147542,0.143353,0.14142,0.140453,0.140453,0.139164,0.139487,0.13852,0.138842,0.139164,0.13852,0.139487,0.137553,30
62,0.143675,0.143353,0.143675,0.143353,0.143675,0.143675,0.143353,0.143353,0.143675,0.143998,0.143353,0.143998,0.143675,0.143353,0.143031,0.143031,0.143353,0.143031,0.143353,0.143353,0.143675,1.920048,2.931482,3.211809,3.274963,3.278185,3.262397,3.242097,3.219542,3.199243,3.177654,3.158321,3.139955,3.122555,3.1058,3.089367,3.074545,3.059079,3.044257,3.021702,3.007847,2.998825,2.985936,2.973048,2.961448,2.951137,2.940504,2.929548,2.918915,2.908282,2.898294,1.638432,0.669208,0.329594,0.215852,0.172675,0.154631,0.14722,0.143031,0.141098,0.140131,0.139164,0.138842,0.13852,0.138198,0.137875,0.137875,0.137231,0.137875,0.13852,30
63,0.143031,0.143031,0.143031,0.143353,0.142709,0.143353,0.143031,0.143353,0.143675,0.143031,0.142709,0.142709,0.142386,0.143675,0.143675,0.143675,0.143031,0.143031,0.142709,0.143998,0.143031,1.85045,2.911827,3.211487,3.280119,3.284307,3.268841,3.247253,3.224375,3.202465,3.181843,3.161221,3.142533,3.124811,3.107411,3.091945,3.076156,3.061335,3.046835,3.033302,3.019769,3.006558,2.993347,2.980458,2.968859,2.956937,2.945015,2.933415,2.922782,2.911827,2.90216,1.567867,0.642787,0.321538,0.212952,0.172675,0.154953,0.147542,0.143353,0.142064,0.140775,0.140775,0.140131,0.139487,0.139487,0.139164,0.138842,0.13852,0.13852,0.139164,30
64,0.143675,0.143998,0.14432,0.143353,0.143675,0.143353,0.143675,0.143353,0.14432,0.14432,0.14432,0.14432,0.143998,0.143675,0.143675,0.143998,0.143998,0.143675,0.143998,0.14432,0.144642,1.987713,2.949848,3.21922,3.279474,3.280119,3.266263,3.245642,3.223731,3.202465,3.183454,3.157999,3.138666,3.120944,3.103222,3.088723,3.074545,3.060368,3.047801,3.030724,3.013324,3.002047,2.988514,2.976914,2.965637,2.955648,2.94437,2.934059,2.924071,2.91376,2.895071,1.540801,0.632476,0.318316,0.212307,0.172353,0.154953,0.14722,0.14432,0.141742,0.141098,0.140453,0.139487,0.139809,0.139487,0.139164,0.139164,0.138198,0.139487,0.137875,30
65,0.143675,0.14432,0.14432,0.143675,0.143675,0.143998,0.143675,0.143675,0.143353,0.143998,0.143675,0.143998,0.143031,0.143675,0.14432,0.144642,0.143353,0.14432,0.143998,0.143675,0.14432,1.99738,2.960159,3.224375,3.283663,3.286241,3.270774,3.238875,3.220831,3.198598,3.177654,3.158644,3.141244,3.124811,3.1087,3.092912,3.078412,3.063268,3.039746,3.026213,3.016869,3.003336,2.990447,2.977559,2.967248,2.957581,2.945659,2.935026,2.924715,2.914404,2.904738,1.472169,0.607343,0.310261,0.210052,0.171386,0.155275,0.147864,0.143675,0.142386,0.142064,0.140775,0.14142,0.140131,0.140775,0.140775,0.140131,0.139487,0.139809,0.140131,30
66,0.144964,0.14432,0.14432,0.144964,0.144642,0.143998,0.144642,0.14432,0.145286,0.144964,0.144642,0.144964,0.14432,0.14432,0.14432,0.146253,0.143353,0.14432,0.14432,0.14432,0.144642,1.872682,2.923749,3.218898,3.276252,3.283341,3.269163,3.246931,3.22502,3.204076,3.185065,3.165732,3.147688,3.130933,3.1145,3.088723,3.077123,3.061335,3.048124,3.036202,3.023313,3.011069,3.000758,2.979814,2.970148,2.958226,2.947593,2.939215,2.929548,2.91956,2.90216,1.448325,0.598643,0.308972,0.209729,0.171386,0.156242,0.148831,0.145286,0.143353,0.142064,0.14142,0.14142,0.140775,0.140453,0.141098,0.140453,0.140131,0.140131,0.139809,30
67,0.145931,0.144964,0.146253,0.144642,0.145609,0.145286,0.145931,0.144642,0.144964,0.145286,0.145286,0.145609,0.145286,0.144964,0.144964,0.146253,0.144964,0.145286,0.145286,0.144964,0.144964,2.088244,2.99238,3.236297,3.291074,3.291396,3.274963,3.244997,3.225664,3.202465,3.18281,3.165732,3.147044,3.130289,3.114178,3.093878,3.073579,3.062623,3.047479,3.034591,3.021702,3.010102,2.997536,2.986258,2.974014,2.962737,2.951781,2.941793,2.929871,2.912793,2.904093,1.536612,0.63312,0.319605,0.213918,0.173641,0.156242,0.148831,0.144964,0.143675,0.142064,0.141742,0.141098,0.140775,0.14142,0.140453,0.140131,0.140131,0.140453,0.139809,30
68,0.144642,0.145286,0.14432,0.144642,0.145609,0.14432,0.144964,0.144964,0.145286,0.144642,0.145286,0.145609,0.144964,0.145931,0.145286,0.145286,0.145286,0.144964,0.144964,0.145286,1.702553,2.866072,3.203431,3.282052,3.290752,3.27593,3.255308,3.233397,3.211809,3.189898,3.161221,3.146399,3.127711,3.110311,3.0942,3.080023,3.065846,3.052635,3.038779,3.026535,3.013647,2.995925,2.979814,2.967248,2.959192,2.948237,2.936315,2.924715,2.914404,2.905382,1.711253,0.701108,0.340871,0.221007,0.175897,0.157531,0.149153,0.144642,0.142709,0.141742,0.141742,0.141098,0.140453,0.140453,0.140131,0.140131,0.139809,0.141098,0.139809,0.139487,30
69,0.144964,0.144642,0.144964,0.145286,0.144964,0.144964,0.144642,0.144642,0.144964,0.145609,0.144964,0.144642,0.144964,0.143998,0.144964,0.144964,0.144964,0.144964,0.14432,0.14432,1.595255,2.829984,3.193121,3.279152,3.288496,3.273997,3.253375,3.231464,3.209876,3.188287,3.169921,3.150266,3.132866,3.110633,3.093556,3.073901,3.061335,3.048768,3.034268,3.019447,3.005913,2.993669,2.98207,2.971436,2.960481,2.948237,2.937282,2.926971,2.91666,2.906027,1.729941,0.707874,0.344415,0.221974,0.175897,0.156886,0.149475,0.14432,0.143031,0.141098,0.141098,0.140453,0.140131,0.139487,0.139487,0.139809,0.139487,0.139809,0.139487,0.138842,30
70,0.144642,0.144642,0.144642,0.145609,0.144642,0.144642,0.14432,0.143998,0.14432,0.143998,0.143998,0.144642,0.14432,0.143998,0.144642,0.143998,0.143998,0.143353,0.14432,0.14432,1.451547,2.781007,3.181521,3.276574,3.289463,3.271419,3.245319,3.226309,3.205043,3.18281,3.16251,3.144144,3.127389,3.110956,3.093556,3.079379,3.064557,3.050057,3.036202,3.023635,3.002047,2.989481,2.97917,2.967248,2.954681,2.942437,2.932771,2.92246,2.912149,2.902482,1.880416,0.76974,0.363748,0.228096,0.178475,0.157531,0.148509,0.144642,0.141742,0.141098,0.139809,0.139487,0.139809,0.139164,0.13852,0.140131,0.139164,0.139164,0.138198,0.138842,30
71,0.143675,0.143353,0.143675,0.143998,0.143031,0.143675,0.143998,0.143998,0.143353,0.143998,0.143998,0.143675,0.143998,0.143675,0.143998,0.143353,0.14432,0.143998,0.143675,0.143998,1.673553,2.853828,3.196665,3.277219,3.285596,3.268519,3.242742,3.221798,3.199243,3.178299,3.158966,3.141888,3.125133,3.109022,3.092267,3.069712,3.055857,3.041357,3.027502,3.01558,3.003336,2.990769,2.978847,2.967248,2.956292,2.945659,2.925037,2.917304,2.906993,2.895071,1.992869,0.81775,0.377604,0.232285,0.180086,0.157853,0.14722,0.143031,0.14142,0.140453,0.138842,0.139164,0.139164,0.13852,0.138198,0.138842,0.13852,0.137553,0.138198,0.137875,30
72,0.143031,0.142709,0.142709,0.143353,0.142709,0.143353,0.142709,0.142709,0.143031,0.142709,0.143031,0.143031,0.143031,0.142386,0.143031,0.143353,0.142386,0.143031,0.143031,0.142709,1.586233,2.822251,3.186998,3.273997,3.283341,3.269486,3.249186,3.217609,3.195376,3.175721,3.157999,3.139311,3.120944,3.103222,3.08679,3.070679,3.055857,3.042646,3.029113,3.017191,3.003658,2.991736,2.978847,2.96757,2.956292,2.944693,2.933093,2.922782,2.912793,2.897971,1.80985,0.739451,0.353115,0.224229,0.176541,0.156564,0.147542,0.143998,0.141742,0.140775,0.139809,0.139809,0.139487,0.139164,0.138842,0.13852,0.138198,0.137875,0.13852,0.137875,30
73,0.143675,0.143353,0.143031,0.143675,0.142709,0.143031,0.143353,0.142709,0.142709,0.142709,0.143031,0.143353,0.143353,0.143998,0.143675,0.143353,0.143998,0.142709,0.143031,0.143998,1.36906,2.749752,3.168954,3.27013,3.283985,3.271419,3.251442,3.228564,3.206009,3.185387,3.16541,3.146399,3.127389,3.1087,3.085501,3.072934,3.05779,3.043613,3.028469,3.014613,3.001402,2.989158,2.977881,2.966603,2.955326,2.943726,2.932448,2.921815,2.911182,2.900549,1.985136,0.81485,0.377281,0.232929,0.180086,0.158175,0.148509,0.143998,0.142064,0.140775,0.139487,0.138842,0.139164,0.139487,0.138842,0.13852,0.13852,0.137875,0.138198,0.13852,30
74,0.143031,0.143998,0.142709,0.143353,0.143675,0.143031,0.143353,0.143675,0.143353,0.143031,0.143353,0.143353,0.143031,0.142386,0.143353,0.142709,0.143353,0.143353,0.143031,0.143353,1.422225,2.769085,3.170565,3.265941,3.278508,3.264975,3.246286,3.22502,3.204076,3.184099,3.164443,3.14511,3.127711,3.101611,3.085178,3.071645,3.05779,3.042646,3.02718,3.013969,3.002047,2.989803,2.977881,2.966603,2.955648,2.943726,2.932126,2.921493,2.911182,2.901194,1.925526,0.788106,0.368582,0.228418,0.17783,0.157531,0.148509,0.143353,0.141742,0.139809,0.139487,0.13852,0.138842,0.138198,0.13852,0.138198,0.137875,0.137875,0.138198,0.137875,30
75,0.142709,0.143031,0.142709,0.143675,0.143031,0.143031,0.143353,0.143675,0.143031,0.143031,0.143353,0.142386,0.143031,0.143031,0.143031,0.142709,0.143353,0.143031,0.143031,0.143353,1.478291,2.784552,3.174754,3.268841,3.28173,3.268841,3.24983,3.217609,3.200854,3.178299,3.161221,3.142533,3.1261,3.109345,3.085501,3.070357,3.057146,3.044579,3.031368,3.018802,2.997214,2.988192,2.974981,2.963059,2.953392,2.943404,2.933093,2.920526,2.906671,2.895071,1.749596,0.714963,0.344738,0.221329,0.17493,0.156242,0.14722,0.143353,0.14142,0.140453,0.140453,0.140131,0.139164,0.139487,0.138842,0.13852,0.137875,0.13852,0.13852,0.137875,30
76,0.143675,0.143353,0.143675,0.143353,0.143675,0.143353,0.143675,0.143353,0.143031,0.143675,0.143353,0.14432,0.143675,0.143675,0.143353,0.143675,0.14432,0.143353,0.143675,0.143031,1.719952,2.86575,3.195698,3.271741,3.278508,3.263686,3.244997,3.222442,3.20182,3.180876,3.160899,3.142211,3.124811,3.108056,3.091301,3.076801,3.061657,3.047479,3.033302,3.019124,3.00688,2.993669,2.981425,2.969503,2.958226,2.946626,2.93116,2.916982,2.909249,2.900549,1.719952,0.702397,0.341516,0.22004,0.175252,0.15592,0.147864,0.143353,0.141742,0.140775,0.140775,0.139487,0.139487,0.140131,0.139809,0.139164,0.139487,0.138842,0.139164,0.138198,30
77,0.143998,0.14432,0.143675,0.143675,0.143675,0.143353,0.143675,0.143031,0.143353,0.143675,0.143675,0.143675,0.143675,0.143353,0.143998,0.143675,0.143353,0.143675,0.143675,0.143675,0.143031,1.81275,2.900227,3.203109,3.272386,3.277863,3.264975,3.244675,3.223087,3.201176,3.179588,3.159288,3.140922,3.124489,3.108378,3.092267,3.076479,3.061012,3.047157,3.033946,3.020735,3.008169,2.996569,2.984325,2.972725,2.960803,2.950492,2.939537,2.927937,2.916982,2.906027,1.700619,0.695952,0.339582,0.22004,0.175575,0.157208,0.148831,0.14432,0.142386,0.14142,0.14142,0.140131,0.140453,0.140453,0.140453,0.140131,0.139809,0.139487,0.139487,30
78,0.14432,0.14432,0.144642,0.144642,0.14432,0.144642,0.144964,0.144964,0.144642,0.145286,0.145286,0.145609,0.143998,0.144642,0.144642,0.144642,0.145286,0.144642,0.14432,0.145609,0.14432,1.868494,2.921815,3.216964,3.285274,3.29043,3.264652,3.243386,3.224375,3.203109,3.180876,3.161866,3.143822,3.127389,3.110311,3.095167,3.079701,3.064879,3.051346,3.038135,3.025569,3.008169,2.99238,2.982392,2.970148,2.956615,2.946948,2.935993,2.926004,2.916015,2.906349,1.610077,0.661153,0.327982,0.215852,0.174608,0.156564,0.149153,0.14432,0.143031,0.142386,0.141098,0.140131,0.140131,0.140453,0.139487,0.140131,0.139809,0.139809,0.139164,30
79,0.144964,0.14432,0.144642,0.144642,0.144642,0.145286,0.143998,0.144642,0.14432,0.143998,0.14432,0.14432,0.145609,0.144964,0.144642,0.145286,0.145286,0.144642,0.145286,0.145931,0.144964,1.870749,2.920849,3.213098,3.280441,3.286241,3.271419,3.251442,3.230498,3.209231,3.186354,3.15961,3.144144,3.1261,3.108056,3.091945,3.077445,3.063268,3.050057,3.036846,3.023313,3.011391,2.999469,2.987225,2.966281,2.957903,2.947593,2.935026,2.924393,2.913438,2.90506,1.640687,0.673075,0.332493,0.217785,0.174608,0.156886,0.148831,0.144964,0.143031,0.141742,0.140131,0.14142,0.140131,0.140131,0.140453,0.140453,0.140453,0.140131,0.139809,30
80,0.14432,0.145286,0.144964,0.144642,0.144642,0.144964,0.144642,0.143998,0.14432,0.144964,0.145286,0.144642,0.144642,0.144964,0.144642,0.144964,0.144642,0.144964,0.144964,0.143998,1.737352,2.881216,3.208909,3.284952,3.283341,3.266908,3.248219,3.227275,3.205043,3.186676,3.166699,3.147044,3.128355,3.111922,3.096778,3.082601,3.067779,3.053924,3.040391,3.027824,3.014936,3.003336,2.98207,2.971759,2.96177,2.951459,2.939215,2.928582,2.918915,2.909571,1.630054,0.669208,0.332493,0.218751,0.175575,0.157531,0.149797,0.145609,0.143675,0.143031,0.142064,0.141742,0.141742,0.141742,0.141098,0.14142,0.141098,0.14142,0.140775,0.140775,30
81,0.145286,0.145609,0.145931,0.145609,0.145609,0.145609,0.146575,0.144964,0.145609,0.144964,0.146253,0.145931,0.146575,0.145931,0.145286,0.145286,0.145286,0.146575,0.145931,0.146253,0.145609,1.969025,2.957581,3.229209,3.292363,3.293974,3.267874,3.24983,3.22792,3.205365,3.185065,3.16541,3.148655,3.130933,3.114178,3.098389,3.083245,3.068745,3.054568,3.041035,3.028791,3.014936,3.00108,2.98207,2.971114,2.962414,2.950815,2.938571,2.928582,2.91956,2.909571,1.629732,0.669531,0.331849,0.218751,0.175252,0.157208,0.149475,0.145286,0.143998,0.142386,0.142064,0.142064,0.142386,0.141098,0.140453,0.140775,0.141098,0.140453,0.140775,30
82,0.145931,0.145931,0.145286,0.145286,0.145609,0.144964,0.145931,0.145609,0.145286,0.146253,0.145609,0.145286,0.145609,0.145931,0.145931,0.145286,0.145931,0.145286,0.144964,0.145931,0.145609,2.010268,2.969503,3.231464,3.290107,3.291074,3.274641,3.251119,3.222442,3.20182,3.183454,3.163799,3.143822,3.126422,3.109022,3.092589,3.077123,3.062623,3.048446,3.034591,3.020091,3.007202,2.993992,2.982714,2.970792,2.959514,2.947593,2.936315,2.925037,2.914404,2.903771,1.619421,0.664697,0.329271,0.21714,0.173964,0.156886,0.148831,0.145286,0.143031,0.142386,0.141742,0.14142,0.140131,0.140453,0.140131,0.140131,0.140453,0.140453,0.139809,30
83,0.145609,0.144964,0.144964,0.144642,0.145286,0.145609,0.145609,0.144642,0.145286,0.144642,0.14432,0.144642,0.144642,0.144642,0.144642,0.144964,0.145609,0.144642,0.146575,0.143998,1.636499,2.840295,3.195376,3.277541,3.285274,3.269808,3.248864,3.227275,3.205365,3.186032,3.167666,3.148977,3.1319,3.115467,3.099034,3.074545,3.063268,3.047801,3.033302,3.019769,3.007202,2.996569,2.984969,2.97337,2.962092,2.951459,2.940182,2.928904,2.917304,2.89926,1.78214,0.729463,0.350538,0.224229,0.177186,0.157853,0.149475,0.144642,0.142386,0.141742,0.140775,0.140131,0.139809,0.140453,0.140131,0.139809,0.139809,0.139487,0.139487,0.139164,30
84,0.143998,0.144642,0.144642,0.144964,0.144642,0.144642,0.143998,0.14432,0.14432,0.144964,0.144642,0.14432,0.143998,0.14432,0.144642,0.144964,0.144642,0.144964,0.144642,0.143998,0.145286,1.828217,2.905382,3.210198,3.280441,3.284952,3.27013,3.249186,3.22792,3.206009,3.185065,3.15671,3.135766,3.121589,3.105156,3.089045,3.073256,3.057468,3.042324,3.028791,3.01558,3.003014,2.992058,2.980136,2.968859,2.957581,2.946948,2.935348,2.924071,2.905705,2.897005,1.611044,0.65922,0.327338,0.215529,0.172997,0.155597,0.147542,0.143675,0.141742,0.141098,0.140131,0.140131,0.139809,0.13852,0.139164,0.138842,0.13852,0.138198,0.13852,30
85,0.143675,0.143675,0.14432,0.143998,0.143998,0.14432,0.143675,0.143353,0.143675,0.143998,0.143353,0.143998,0.143998,0.143353,0.143675,0.143031,0.143031,0.143998,0.143675,0.143675,1.659698,2.848028,3.190221,3.267552,3.277863,3.265941,3.243386,3.220187,3.198276,3.177332,3.157999,3.139955,3.122878,3.1058,3.089689,3.073901,3.059401,3.045546,3.032013,3.01848,3.005269,2.99238,2.979492,2.967892,2.956615,2.945015,2.933737,2.913115,2.904738,2.89636,1.786651,0.728818,0.348604,0.222296,0.175252,0.15592,0.14722,0.143998,0.141742,0.140453,0.140131,0.139487,0.139164,0.13852,0.137875,0.137875,0.138198,0.13852,0.138198,0.137875,30
86,0.143031,0.143675,0.143031,0.143031,0.143675,0.143675,0.143031,0.142709,0.143353,0.143031,0.143353,0.143353,0.143031,0.142709,0.143353,0.143353,0.143353,0.142064,0.143675,0.143031,1.675164,2.853506,3.187965,3.267874,3.276897,3.26143,3.240486,3.218576,3.198276,3.177654,3.158966,3.139955,3.1232,3.106767,3.090656,3.066168,3.054568,3.040391,3.024924,3.012036,3.000114,2.987869,2.975947,2.965637,2.954359,2.943082,2.932448,2.91956,2.905382,2.891527,1.888793,0.771351,0.362782,0.227129,0.177186,0.157208,0.147542,0.142709,0.141098,0.140775,0.139164,0.138842,0.13852,0.13852,0.137553,0.137553,0.137875,0.137231,0.137553,0.137553,30
87,0.142386,0.142709,0.142709,0.142386,0.142386,0.143353,0.142386,0.142386,0.142709,0.143031,0.142386,0.142386,0.143031,0.142709,0.143031,0.143031,0.142386,0.142386,0.143031,0.142386,1.38646,2.751363,3.161866,3.264008,3.276574,3.263686,3.245964,3.224375,3.202465,3.182165,3.163155,3.144466,3.117722,3.104189,3.086145,3.071968,3.059401,3.045224,3.032013,3.019124,2.997858,2.988836,2.975947,2.962737,2.952426,2.942437,2.93116,2.921815,2.911504,2.901516,2.046679,0.839983,0.385015,0.23454,0.180408,0.158819,0.148509,0.143353,0.14142,0.140453,0.138842,0.138842,0.138842,0.138198,0.13852,0.137553,0.137875,0.138198,0.137553,0.137875,30
88,0.142386,0.143675,0.143031,0.142709,0.143353,0.143031,0.142709,0.142386,0.143031,0.143353,0.143031,0.142709,0.143675,0.142709,0.143031,0.142709,0.142386,0.142709,0.142709,0.142386,1.164776,2.674998,3.149299,3.263686,3.282374,3.272386,3.251764,3.229531,3.206654,3.17701,3.158644,3.142211,3.123844,3.105156,3.088401,3.073579,3.058757,3.044257,3.030724,3.017835,3.004302,2.992703,2.979814,2.968537,2.956937,2.945659,2.935026,2.923104,2.913115,2.903449,1.935192,0.792295,0.369548,0.230351,0.178475,0.157531,0.148831,0.143675,0.141742,0.140131,0.140131,0.138842,0.139487,0.139487,0.139164,0.138842,0.13852,0.138198,0.137553,0.13852,30
89,0.142386,0.143031,0.143675,0.143031,0.143675,0.143675,0.143353,0.142709,0.143998,0.143031,0.14432,0.143998,0.143353,0.143031,0.143675,0.143675,0.143998,0.143353,0.143031,0.143353,1.458636,2.780363,3.177332,3.271419,3.283985,3.271097,3.250475,3.228886,3.20762,3.177976,3.158644,3.141888,3.122878,3.105478,3.090012,3.074868,3.059723,3.046513,3.03298,3.020413,3.007847,2.994958,2.983036,2.971759,2.959837,2.949204,2.928904,2.919882,2.91086,2.899582,2.097589,0.865438,0.394037,0.23744,0.181375,0.158819,0.148509,0.143675,0.141742,0.139809,0.140453,0.139487,0.139487,0.138198,0.138842,0.138842,0.13852,0.139164,0.13852,0.137875,30
90,0.143998,0.14432,0.143353,0.143353,0.143353,0.143353,0.143675,0.14432,0.142386,0.143675,0.143675,0.142709,0.143675,0.143675,0.143353,0.143031,0.143998,0.143353,0.143353,0.142709,1.017523,2.620544,3.133833,3.260141,3.281085,3.271097,3.250797,3.228886,3.20762,3.186032,3.166054,3.146077,3.128355,3.109989,3.093878,3.078734,3.062946,3.048446,3.033624,3.020735,3.006558,2.994314,2.98207,2.969503,2.958226,2.946948,2.936637,2.92536,2.914727,2.904738,2.200375,0.914736,0.410147,0.244851,0.184919,0.160108,0.149797,0.144642,0.143031,0.141742,0.140131,0.140775,0.140453,0.139487,0.139164,0.139809,0.138842,0.139809,0.138842,0.139164,30
91,0.143675,0.14432,0.143998,0.144642,0.14432,0.14432,0.143675,0.143998,0.143998,0.143675,0.144642,0.143998,0.143353,0.143998,0.143675,0.14432,0.143675,0.143675,0.144642,0.143998,0.880259,2.56899,3.118689,3.25563,3.281408,3.27303,3.254664,3.231142,3.209231,3.187643,3.166699,3.148655,3.129644,3.112567,3.094845,3.079701,3.064879,3.050057,3.037491,3.023635,3.010102,2.997214,2.984325,2.972081,2.960159,2.948559,2.937282,2.926004,2.915693,2.906349,2.375016,1.001735,0.440758,0.254517,0.189108,0.162042,0.152053,0.144964,0.143998,0.14142,0.140775,0.140131,0.139809,0.139164,0.139809,0.139164,0.139487,0.138842,0.139487,0.138842,30
92,0.143998,0.145286,0.14432,0.14432,0.143998,0.144964,0.144964,0.143998,0.143998,0.144642,0.143998,0.143998,0.143998,0.143998,0.14432,0.143998,0.143675,0.143998,0.143998,0.143998,1.082933,2.646321,3.143499,3.265297,3.284307,3.27303,3.253053,3.231786,3.209876,3.189898,3.170888,3.151555,3.133833,3.116433,3.100323,3.085178,3.06939,3.055212,3.042646,3.019769,3.009458,2.997536,2.984647,2.972403,2.961126,2.951137,2.940504,2.929871,2.919238,2.909571,2.196831,0.912803,0.411436,0.244529,0.185563,0.161075,0.150442,0.145286,0.143353,0.141742,0.141098,0.140453,0.140775,0.140131,0.139487,0.139809,0.139809,0.139164,0.139809,0.139487,30
93,0.143998,0.144964,0.145609,0.145286,0.143675,0.146253,0.14432,0.144964,0.144642,0.14432,0.144642,0.145286,0.144964,0.14432,0.14432,0.14432,0.144642,0.144642,0.144642,0.144642,0.845138,2.55739,3.122555,3.262719,3.288496,3.279796,3.260464,3.23952,3.217931,3.196987,3.177332,3.151233,3.131255,3.115144,3.1,3.085501,3.069068,3.054246,3.040068,3.026213,3.013647,3.001725,2.990447,2.978525,2.967892,2.956292,2.945015,2.933415,2.923426,2.912793,2.385649,1.009146,0.444624,0.257095,0.189752,0.163653,0.151731,0.14722,0.143353,0.142386,0.14142,0.140775,0.14142,0.140775,0.140775,0.140453,0.13852,0.140131,0.139487,0.139487,30
94,0.145286,0.144964,0.145609,0.146253,0.145286,0.144964,0.145609,0.145609,0.145609,0.144964,0.145286,0.145286,0.144964,0.144964,0.145286,0.145286,0.144642,0.144642,0.144964,0.145286,1.118377,2.662432,3.147366,3.266263,3.287207,3.277219,3.257564,3.234686,3.212131,3.190221,3.170565,3.152199,3.133833,3.118367,3.102256,3.087434,3.071968,3.057468,3.045224,3.032013,3.017191,2.996891,2.986258,2.975625,2.965314,2.952104,2.94147,2.929548,2.919238,2.909249,2.317017,0.973057,0.431414,0.25194,0.188463,0.162364,0.151409,0.146253,0.143353,0.142386,0.14142,0.141742,0.14142,0.140775,0.140775,0.140775,0.139809,0.140775,0.139809,0.140775,30
95,0.144964,0.144964,0.144964,0.145286,0.144964,0.145286,0.145286,0.144964,0.145286,0.144964,0.145286,0.144964,0.144964,0.144964,0.145286,0.14432,0.144964,0.144964,0.144964,0.144642,0.708519,2.501969,3.1087,3.259497,3.290107,3.28173,3.263041,3.241775,3.219542,3.19892,3.179588,3.150266,3.135122,3.119655,3.102578,3.085178,3.070679,3.055857,3.041679,3.028469,3.017513,3.004625,2.99238,2.980136,2.968859,2.956937,2.945659,2.934382,2.924071,2.913438,2.276418,0.953402,0.425936,0.250651,0.187819,0.162686,0.151409,0.146253,0.143675,0.143031,0.142386,0.14142,0.14142,0.141098,0.140453,0.140453,0.140131,0.140453,0.140131,0.140131,30
96,0.144964,0.145931,0.145609,0.144964,0.145286,0.145609,0.145286,0.145609,0.145931,0.145609,0.144964,0.145286,0.145286,0.144642,0.144642,0.145286,0.144964,0.146253,0.145609,0.145286,1.016234,2.629888,3.14511,3.271097,3.292363,3.282374,3.262719,3.240486,3.218576,3.197954,3.17701,3.156388,3.130611,3.113856,3.098389,3.08389,3.070357,3.055857,3.041357,3.027824,3.013324,3.000758,2.988192,2.976592,2.965959,2.954359,2.943726,2.933093,2.92246,2.912471,2.309929,0.969191,0.430447,0.252262,0.188141,0.163008,0.151731,0.146575,0.143675,0.142386,0.142386,0.141098,0.14142,0.140131,0.140453,0.140453,0.140131,0.139164,0.140453,0.140131,30
97,0.144642,0.144964,0.144642,0.145286,0.145609,0.145609,0.145286,0.144642,0.145286,0.144964,0.145286,0.145286,0.144642,0.144642,0.144642,0.144964,0.145609,0.145286,0.144964,0.145609,1.061022,2.645032,3.14801,3.269486,3.292685,3.280119,3.26143,3.238553,3.216642,3.190865,3.169599,3.148977,3.128355,3.110311,3.094845,3.079056,3.065201,3.051668,3.038135,3.024602,3.011391,3.000436,2.989481,2.977236,2.965959,2.954681,2.943726,2.933737,2.922138,2.911182,2.296718,0.963069,0.427547,0.24904,0.188463,0.161075,0.151086,0.144964,0.142709,0.14142,0.141098,0.140775,0.140131,0.140131,0.139809,0.139164,0.139809,0.139487,0.139487,0.139487,30
98,0.14432,0.144642,0.14432,0.144642,0.144964,0.14432,0.143998,0.14432,0.14432,0.144964,0.143998,0.144642,0.144642,0.144964,0.143998,0.14432,0.144642,0.144642,0.143998,0.144964,1.018168,2.627633,3.142855,3.268519,3.289463,3.27883,3.258208,3.23662,3.214065,3.192476,3.172499,3.152844,3.134477,3.116756,3.094845,3.074868,3.06069,3.046835,3.030402,3.017191,3.006236,2.99238,2.981103,2.967892,2.96177,2.949526,2.930515,2.921815,2.911504,2.901516,2.169443,0.898626,0.405314,0.241951,0.183952,0.160108,0.15012,0.144642,0.142064,0.140775,0.140453,0.139809,0.139164,0.139487,0.139487,0.139164,0.138842,0.13852,0.137875,0.13852,30
99,0.143353,0.143675,0.143031,0.143675,0.143675,0.143353,0.143675,0.143998,0.14432,0.143353,0.14432,0.143675,0.142709,0.143998,0.143675,0.143353,0.143998,0.143675,0.143353,0.143031,1.308484,2.726553,3.161866,3.266586,3.282374,3.271419,3.250475,3.229531,3.207942,3.186676,3.166377,3.148655,3.1203,3.104834,3.090656,3.073579,3.059079,3.044902,3.029435,3.016224,3.003014,2.991414,2.978847,2.96757,2.956292,2.945659,2.934704,2.923426,2.91376,2.903127,1.980625,0.81195,0.376637,0.232607,0.178797,0.158175,0.148186,0.143998,0.142709,0.140775,0.140775,0.139164,0.139164,0.138198,0.138842,0.138198,0.139809,0.138198,0.137875,0.137553,30
100,0.142386,0.143031,0.143675,0.143353,0.143031,0.143675,0.143353,0.143031,0.143353,0.143353,0.143353,0.143998,0.143675,0.143031,0.143998,0.143031,0.143031,0.143353,0.142709,0.142709,1.177986,2.680154,3.148977,3.262397,3.279474,3.267552,3.247253,3.225987,3.203754,3.183132,3.164121,3.146077,3.128033,3.110956,3.094845,3.079379,3.06359,3.04909,3.035557,3.022024,3.008491,2.996247,2.983358,2.971759,2.95887,2.947915,2.936637,2.925037,2.915371,2.904416,2.180398,0.903781,0.406925,0.242918,0.18363,0.159464,0.148831,0.144642,0.141742,0.140775,0.140131,0.139809,0.138842,0.139487,0.138842,0.138842,0.137553,0.138198,0.137875,0.138198,30
101,0.143031,0.143031,0.142386,0.142386,0.143998,0.143353,0.143353,0.143675,0.143675,0.143353,0.142709,0.14432,0.142386,0.143031,0.142709,0.143353,0.143675,0.143353,0.142709,0.143031,1.0433,2.630855,3.136411,3.259175,3.278185,3.269486,3.251764,3.230175,3.207942,3.187643,3.167666,3.149299,3.131577,3.114178,3.090656,3.073901,3.061657,3.045868,3.032013,3.018158,3.005269,2.993992,2.981425,2.970792,2.957903,2.947915,2.935993,2.926326,2.916015,2.906671,2.303806,0.964035,0.426258,0.249684,0.186208,0.161075,0.149475,0.14432,0.142709,0.139809,0.140453,0.139487,0.139487,0.139164,0.139487,0.13852,0.138198,0.138198,0.138198,0.13852,30
102,0.14432,0.143675,0.143353,0.14432,0.142709,0.143353,0.142709,0.142709,0.143998,0.143353,0.142386,0.143353,0.143675,0.143031,0.143031,0.143353,0.143031,0.143353,0.143031,0.143031,0.982724,2.606689,3.130933,3.260464,3.283663,3.274641,3.247575,3.22792,3.205365,3.185065,3.167021,3.148977,3.129966,3.107411,3.091945,3.077123,3.063268,3.049413,3.037491,3.017513,3.004302,2.99238,2.979492,2.968537,2.958226,2.946626,2.936315,2.926004,2.915693,2.900227,2.095978,0.865115,0.394037,0.238729,0.182341,0.158819,0.149797,0.14432,0.141742,0.140775,0.140131,0.140131,0.139164,0.139487,0.139164,0.138842,0.139164,0.138198,0.13852,0.13852,30
103,0.143675,0.143998,0.143675,0.14432,0.143353,0.143675,0.143675,0.143675,0.143353,0.143353,0.143353,0.143353,0.143353,0.143031,0.143353,0.143998,0.143353,0.143353,0.143998,0.143353,1.251451,2.708831,3.160255,3.263686,3.274963,3.265619,3.247575,3.22502,3.20182,3.182165,3.163155,3.143822,3.126422,3.109022,3.093556,3.077767,3.063268,3.048768,3.034913,3.022346,3.007525,2.991092,2.974659,2.963381,2.954359,2.942115,2.930193,2.920849,2.91086,2.900227,2.149788,0.888315,0.402736,0.241307,0.182986,0.159142,0.148509,0.143998,0.14142,0.139487,0.140131,0.139164,0.138842,0.13852,0.13852,0.137875,0.137875,0.138198,0.137231,0.13852,30
104,0.143353,0.143353,0.143998,0.143353,0.142709,0.142709,0.143353,0.143031,0.143998,0.143031,0.143031,0.143675,0.143675,0.142709,0.142386,0.143031,0.142386,0.143031,0.142709,0.143353,1.187653,2.683054,3.148333,3.260464,3.27883,3.268519,3.24983,3.228886,3.207298,3.186676,3.160255,3.139955,3.125133,3.107411,3.090656,3.076801,3.062301,3.048768,3.035235,3.022024,3.009458,2.989481,2.97917,2.966603,2.95597,2.946948,2.935671,2.92536,2.916015,2.896683,1.989002,0.817427,0.37857,0.232929,0.179763,0.158175,0.149153,0.14432,0.142386,0.140453,0.140453,0.140131,0.140131,0.139164,0.139487,0.139164,0.139164,0.138842,0.139164,0.138842,30
105,0.14432,0.143998,0.143998,0.144642,0.143998,0.14432,0.143353,0.143353,0.143353,0.143353,0.143675,0.143031,0.143998,0.143675,0.143353,0.143675,0.143998,0.143353,0.143998,0.143998,1.060056,2.637944,3.140599,3.26433,3.285596,3.27593,3.256275,3.224375,3.205687,3.18571,3.165732,3.145433,3.128033,3.111278,3.095812,3.081634,3.066168,3.052635,3.038457,3.026213,3.004302,2.994636,2.983036,2.969825,2.958226,2.947593,2.936315,2.926649,2.916338,2.906027,2.04829,0.844171,0.387915,0.23744,0.182341,0.159464,0.149475,0.144964,0.142709,0.14142,0.141098,0.140131,0.140453,0.139809,0.139487,0.139809,0.139809,0.139487,0.139487,0.138842,30
106,0.143998,0.143675,0.143998,0.143998,0.14432,0.14432,0.143675,0.143998,0.14432,0.144642,0.143675,0.143998,0.143998,0.143675,0.144642,0.143998,0.14432,0.144642,0.14432,0.14432,1.288184,2.723975,3.166377,3.273674,3.28173,3.269808,3.250797,3.228242,3.207298,3.187643,3.168954,3.151233,3.133511,3.1087,3.094845,3.078412,3.062946,3.04909,3.037491,3.024602,3.012358,3.000114,2.988192,2.967248,2.958548,2.947915,2.935993,2.926971,2.917949,2.908282,2.03089,0.837083,0.385659,0.236151,0.182341,0.159464,0.149475,0.145286,0.143031,0.142386,0.14142,0.140775,0.140775,0.139809,0.140131,0.140131,0.140131,0.139487,0.139487,0.139164,30
107,0.144642,0.144642,0.14432,0.144642,0.143998,0.144642,0.14432,0.14432,0.143998,0.145931,0.143353,0.144642,0.143998,0.143998,0.144642,0.14432,0.14432,0.144964,0.144642,0.144642,1.269495,2.720431,3.166699,3.26723,3.280441,3.271097,3.252086,3.228564,3.206654,3.186676,3.167666,3.150266,3.132866,3.116433,3.099678,3.075512,3.062623,3.049413,3.033946,3.020735,3.010425,2.998503,2.986581,2.975303,2.963703,2.952104,2.934382,2.92536,2.914727,2.903449,2.169443,0.89927,0.405959,0.242595,0.184274,0.160753,0.149475,0.145609,0.143031,0.142386,0.140453,0.140131,0.140131,0.139164,0.139164,0.139164,0.13852,0.13852,0.138842,0.13852,30
108,0.144642,0.143675,0.143998,0.143998,0.14432,0.143998,0.143353,0.14432,0.143998,0.144642,0.143998,0.14432,0.14432,0.14432,0.14432,0.143998,0.143998,0.144642,0.143998,0.14432,1.0404,2.628599,3.139311,3.262397,3.284307,3.274963,3.256275,3.235009,3.214709,3.185065,3.167666,3.148333,3.130611,3.115144,3.098711,3.084212,3.069712,3.055535,3.042968,3.019769,3.010102,2.997536,2.984647,2.973048,2.96177,2.950815,2.941148,2.930515,2.919882,2.910216,2.331517,0.978213,0.433347,0.251617,0.188141,0.162686,0.150764,0.145931,0.143353,0.141098,0.142064,0.140453,0.140775,0.139809,0.139487,0.139487,0.139487,0.139164,0.139164,0.139164,30
109,0.14432,0.14432,0.14432,0.14432,0.14432,0.143998,0.143675,0.143675,0.143998,0.14432,0.14432,0.14432,0.143998,0.144642,0.143998,0.14432,0.144642,0.143675,0.143998,0.143998,0.810339,2.544501,3.119333,3.25273,3.282052,3.273674,3.252086,3.231786,3.211165,3.190543,3.17121,3.152199,3.1319,3.107734,3.094845,3.078412,3.063268,3.047479,3.033624,3.019769,3.007202,2.996247,2.983681,2.972403,2.960481,2.948881,2.937604,2.927293,2.916338,2.897005,2.163643,0.89637,0.40467,0.241951,0.183952,0.158819,0.148831,0.144642,0.142064,0.140775,0.139809,0.139809,0.139164,0.139487,0.138842,0.139809,0.13852,0.13852,0.138198,0.137875,30
110,0.143353,0.143353,0.143675,0.143031,0.143675,0.143031,0.143675,0.143353,0.143031,0.143353,0.143031,0.143353,0.143675,0.143998,0.14432,0.143675,0.143353,0.143675,0.143353,0.143675,1.023967,2.626666,3.139955,3.26433,3.279474,3.270774,3.249186,3.230175,3.209231,3.189254,3.169921,3.148655,3.123844,3.110311,3.092912,3.077767,3.064879,3.051346,3.036846,3.02428,3.011713,2.999791,2.984969,2.966925,2.958226,2.945981,2.934382,2.923426,2.914082,2.904416,2.202309,0.914736,0.410792,0.244207,0.184597,0.160753,0.149797,0.144964,0.142709,0.141098,0.140775,0.140131,0.139487,0.139487,0.13852,0.139487,0.138842,0.138198,0.13852,0.138198,30
111,0.14432,0.14432,0.144642,0.143675,0.143353,0.143675,0.143998,0.143031,0.143353,0.143353,0.142709,0.143031,0.14432,0.143998,0.143998,0.14432,0.143353,0.14432,0.14432,0.143675,0.761684,2.522913,3.112245,3.251442,3.274963,3.267874,3.250797,3.229209,3.206654,3.184099,3.164443,3.144466,3.126422,3.109345,3.093878,3.07809,3.06359,3.04909,3.035235,3.021702,3.008169,2.996247,2.978525,2.963703,2.95307,2.942115,2.931482,2.91956,2.907638,2.897649,2.264174,0.943091,0.419169,0.246784,0.185563,0.159786,0.148831,0.143675,0.142386,0.140131,0.139809,0.139164,0.138842,0.138842,0.138198,0.137553,0.137875,0.138198,0.137875,0.137875,30
112,0.142386,0.142709,0.142709,0.142709,0.142064,0.142709,0.142064,0.142709,0.143031,0.142709,0.142709,0.143031,0.141742,0.143353,0.142386,0.142709,0.142709,0.142386,0.142709,0.143031,0.660186,2.472003,3.091301,3.245964,3.276252,3.27013,3.252408,3.231142,3.208909,3.18861,3.169599,3.143822,3.125133,3.110956,3.093234,3.076801,3.06069,3.047157,3.034268,3.02138,3.008169,2.996247,2.983358,2.971759,2.960803,2.949204,2.938571,2.927937,2.914404,2.898616,2.50358,1.070366,0.462024,0.261284,0.190719,0.163008,0.150764,0.145286,0.142709,0.140453,0.140453,0.139164,0.139487,0.138842,0.13852,0.13852,0.13852,0.138198,0.137553,0.137231,30
113,0.143353,0.143031,0.143031,0.143031,0.143031,0.143031,0.143353,0.142709,0.143353,0.143031,0.143031,0.143675,0.143031,0.142709,0.143353,0.143031,0.143031,0.143998,0.143675,0.143031,0.771995,2.525491,3.110311,3.250475,3.280119,3.270452,3.251442,3.231786,3.210842,3.189576,3.170243,3.152199,3.123844,3.111278,3.092912,3.078412,3.064879,3.049735,3.038457,3.024924,3.010425,2.992058,2.982392,2.968537,2.958226,2.948559,2.937926,2.927615,2.916982,2.899905,2.394671,1.011079,0.443013,0.25484,0.188463,0.161719,0.15012,0.14432,0.142064,0.141098,0.139487,0.138842,0.13852,0.13852,0.13852,0.139164,0.13852,0.137231,0.140131,0.137553,30
114,0.143675,0.143998,0.143998,0.143675,0.143675,0.143675,0.143675,0.143353,0.143353,0.143675,0.143353,0.143998,0.143031,0.143998,0.143998,0.143031,0.143353,0.143031,0.143031,0.143353,0.540967,2.418515,3.081312,3.248542,3.283341,3.277219,3.24983,3.229531,3.208909,3.187321,3.168954,3.150588,3.132866,3.116433,3.091623,3.076801,3.062623,3.047479,3.034913,3.023635,3.010425,2.998503,2.986903,2.965637,2.955648,2.945659,2.934059,2.922138,2.912149,2.902482,2.389516,1.007857,0.441724,0.255162,0.188463,0.161397,0.149797,0.144642,0.142386,0.141098,0.140131,0.139487,0.139487,0.138198,0.138842,0.138198,0.138198,0.137875,0.137875,0.137553,30
115,0.143031,0.143031,0.142709,0.143353,0.143675,0.143353,0.143675,0.143353,0.143675,0.143353,0.143675,0.143353,0.143675,0.143675,0.143675,0.143353,0.143031,0.143675,0.143998,0.143675,0.83966,2.551912,3.117078,3.256919,3.282696,3.274641,3.254664,3.232753,3.210842,3.189576,3.162188,3.139633,3.124811,3.108056,3.091623,3.07519,3.059401,3.044579,3.030724,3.017191,3.003658,2.990769,2.978525,2.965959,2.954681,2.94437,2.933093,2.92246,2.912149,2.90216,2.421737,1.02429,0.446235,0.255484,0.188141,0.161075,0.149797,0.144642,0.140775,0.140131,0.139164,0.139487,0.139809,0.13852,0.138198,0.137875,0.137553,0.137231,0.137875,0.137875,30
116,0.143353,0.143353,0.142709,0.143353,0.143998,0.14142,0.143998,0.141742,0.143353,0.142709,0.142709,0.142386,0.142386,0.142386,0.142386,0.142709,0.143031,0.142709,0.143675,0.142709,0.520667,2.40756,3.075834,3.246608,3.279796,3.273997,3.255308,3.232753,3.211165,3.189254,3.169277,3.149299,3.131255,3.114178,3.098711,3.081956,3.067457,3.044257,3.031368,3.015258,3.001725,2.992058,2.980136,2.96757,2.954681,2.943726,2.931804,2.921171,2.910538,2.899582,2.559323,1.10001,0.472013,0.264184,0.191363,0.162364,0.151086,0.144642,0.141742,0.140453,0.139487,0.138842,0.13852,0.13852,0.139164,0.137875,0.139164,0.136909,0.139487,0.137553,30
117,0.142709,0.141742,0.142386,0.143031,0.143031,0.143353,0.143031,0.142709,0.142386,0.143031,0.143031,0.143031,0.142709,0.143031,0.143353,0.143031,0.143031,0.142064,0.143353,0.143031,0.438502,2.367283,3.064879,3.243064,3.277863,3.271419,3.253053,3.231142,3.209554,3.187643,3.167666,3.149299,3.130289,3.112245,3.094845,3.080023,3.064234,3.050057,3.035557,3.022346,3.009136,2.997214,2.984647,2.972403,2.960159,2.949526,2.937604,2.926971,2.916015,2.904738,2.653088,1.156076,0.492634,0.271917,0.19523,0.164942,0.152053,0.145286,0.142709,0.141742,0.139809,0.139487,0.140131,0.140131,0.138842,0.139164,0.138842,0.138842,0.13852,0.138198,30
118,0.143031,0.143031,0.143675,0.143031,0.143353,0.143998,0.143353,0.143031,0.143353,0.143675,0.143675,0.143353,0.143998,0.143353,0.142386,0.143675,0.143353,0.143353,0.143998,0.143998,0.273206,2.274163,3.042646,3.242742,3.285274,3.281408,3.263041,3.240808,3.21922,3.196987,3.176688,3.15671,3.138666,3.115467,3.095489,3.081312,3.067779,3.052635,3.037813,3.023958,3.011391,2.99818,2.986581,2.974014,2.962737,2.950815,2.939537,2.929548,2.917949,2.907316,2.804207,1.247263,0.524212,0.282872,0.198774,0.165908,0.152053,0.146575,0.143031,0.142064,0.140453,0.140131,0.139809,0.13852,0.139487,0.139164,0.139487,0.13852,0.138198,0.138198,30
119,0.143675,0.143675,0.144642,0.143675,0.143998,0.143353,0.143998,0.143675,0.144642,0.143998,0.143353,0.143998,0.143998,0.143353,0.143675,0.14432,0.143353,0.143353,0.143031,0.143998,0.35666,2.320239,3.050701,3.239197,3.280119,3.27593,3.25853,3.235975,3.21342,3.191832,3.171532,3.151877,3.134477,3.117722,3.102256,3.086145,3.071645,3.058112,3.044579,3.031046,3.017835,2.999147,2.982392,2.972725,2.96177,2.950492,2.940182,2.929226,2.917304,2.906993,2.761352,1.221808,0.515512,0.279328,0.197808,0.166553,0.152053,0.146897,0.143031,0.142064,0.140775,0.140131,0.140453,0.139809,0.139164,0.138842,0.139487,0.13852,0.139164,0.138842,30
120,0.143031,0.14432,0.144642,0.143998,0.14432,0.143675,0.143353,0.143998,0.143353,0.14432,0.14432,0.143998,0.14432,0.14432,0.143998,0.143998,0.143998,0.143998,0.14432,0.143675,0.14432,2.11821,2.996247,3.231464,3.283663,3.281085,3.256597,3.23372,3.213742,3.193765,3.173465,3.15381,3.135122,3.116756,3.099356,3.083245,3.06939,3.05489,3.042002,3.028791,3.01558,3.002691,2.989481,2.977881,2.965959,2.954359,2.943726,2.931482,2.921171,2.911504,2.901516,1.394837,0.577055,0.300272,0.205541,0.168486,0.15302,0.146575,0.142709,0.14142,0.139809,0.140131,0.139487,0.138842,0.139809,0.138842,0.13852,0.13852,0.139164,0.138842,30
121,0.143353,0.143353,0.14432,0.143675,0.143675,0.143675,0.143353,0.143675,0.143998,0.143998,0.143675,0.143675,0.143353,0.143353,0.143675,0.143353,0.143675,0.142386,0.143353,0.143998,0.143675,2.147532,3.002369,3.229853,3.279152,3.279152,3.262397,3.242742,3.220509,3.199887,3.17991,3.161221,3.143177,3.1261,3.103222,3.082923,3.071645,3.057146,3.042646,3.028146,3.01558,3.003658,2.991736,2.980458,2.969503,2.958548,2.947915,2.936637,2.918593,2.909571,2.899905,1.362616,0.5661,0.297372,0.205218,0.168808,0.154308,0.146575,0.143998,0.142386,0.141098,0.140453,0.140453,0.140131,0.140453,0.139809,0.13852,0.140131,0.138842,0.139487,30
122,0.14432,0.144642,0.143998,0.14432,0.14432,0.144964,0.145286,0.144642,0.144642,0.144642,0.14432,0.144642,0.14432,0.14432,0.144964,0.144964,0.145286,0.14432,0.144964,0.144642,0.144642,1.936481,2.940182,3.220187,3.283985,3.287207,3.271419,3.250475,3.218898,3.199565,3.181521,3.160577,3.142533,3.125778,3.109989,3.094523,3.079701,3.066168,3.051668,3.038457,3.025569,3.01268,3.000114,2.988192,2.97627,2.96467,2.952748,2.940504,2.930515,2.914082,2.903771,1.512446,0.624098,0.316705,0.213274,0.172675,0.15592,0.148831,0.145286,0.143353,0.141742,0.140775,0.141098,0.141742,0.139809,0.141098,0.140453,0.14142,0.139809,0.140775,30
123,0.145609,0.144964,0.145286,0.145609,0.145931,0.144964,0.145286,0.144964,0.14432,0.145931,0.144964,0.145609,0.145609,0.145286,0.145609,0.145609,0.145286,0.145609,0.145609,0.145609,0.145286,1.920692,2.937282,3.219542,3.284307,3.287852,3.271741,3.250153,3.227598,3.206009,3.186676,3.167021,3.148977,3.131255,3.107411,3.088078,3.073901,3.060046,3.047801,3.033946,3.019769,3.006558,2.994636,2.981747,2.969825,2.957581,2.947915,2.937604,2.927293,2.91666,2.906349,1.51889,0.625709,0.317027,0.212629,0.172997,0.156242,0.149153,0.144964,0.143353,0.142386,0.140775,0.141098,0.141098,0.140131,0.140453,0.140131,0.139809,0.140131,0.139809,30
124,0.144964,0.144964,0.14432,0.144964,0.144964,0.144642,0.144642,0.144642,0.14432,0.144642,0.144642,0.14432,0.144642,0.144964,0.144642,0.144642,0.145286,0.145286,0.144964,0.14432,0.144964,2.057312,2.97917,3.228242,3.28463,3.28463,3.267552,3.246608,3.224375,3.202787,3.18281,3.163477,3.14511,3.126744,3.102578,3.084534,3.069712,3.054568,3.043935,3.03008,3.016547,3.003658,2.989803,2.978525,2.966925,2.957259,2.945659,2.935348,2.924393,2.914082,2.904093,1.508901,0.621198,0.314449,0.211018,0.171708,0.154953,0.147864,0.143998,0.141742,0.141098,0.140453,0.139809,0.139164,0.139164,0.139164,0.139487,0.139164,0.139164,0.139164,30
125,0.143353,0.144642,0.14432,0.143675,0.143353,0.14432,0.143675,0.143675,0.143353,0.144642,0.143998,0.14432,0.144642,0.144642,0.144964,0.143675,0.143675,0.144642,0.14432,0.143998,0.143353,2.114344,2.995925,3.223409,3.277541,3.277219,3.259175,3.239197,3.218898,3.197632,3.177332,3.158321,3.139955,3.123522,3.102578,3.082923,3.069712,3.053924,3.039424,3.025891,3.013324,3.000758,2.989158,2.977881,2.965959,2.955003,2.944693,2.933093,2.91666,2.904738,2.896038,1.616844,0.660509,0.327016,0.214885,0.171708,0.155275,0.146253,0.143031,0.141098,0.139809,0.139487,0.138842,0.138198,0.138198,0.138198,0.137553,0.13852,0.137875,0.137875,30
126,0.143353,0.14432,0.142386,0.142709,0.142709,0.143031,0.142709,0.142709,0.143031,0.142386,0.143353,0.142386,0.142709,0.143031,0.142709,0.143031,0.143031,0.143031,0.142709,0.143353,0.142709,2.0673,2.972081,3.217287,3.274641,3.274641,3.257241,3.235009,3.212131,3.191187,3.171854,3.151555,3.133833,3.115789,3.099356,3.082923,3.067779,3.053601,3.039746,3.025246,3.01268,2.999147,2.986258,2.974336,2.962092,2.951459,2.940504,2.929548,2.918915,2.908604,2.897649,1.525334,0.625387,0.314772,0.210374,0.170097,0.154308,0.145931,0.141742,0.140775,0.139164,0.139164,0.13852,0.137553,0.137875,0.13852,0.137875,0.137875,0.137553,0.138198,30
127,0.142709,0.142709,0.142709,0.143031,0.142709,0.142709,0.142064,0.142709,0.142386,0.143031,0.142386,0.142709,0.143353,0.142386,0.142709,0.142386,0.143031,0.142386,0.142709,0.142709,0.143031,1.805662,2.883472,3.186998,3.258852,3.263363,3.248542,3.218898,3.197632,3.175399,3.152521,3.133511,3.1145,3.096134,3.079379,3.054246,3.037491,3.024602,3.008169,2.994314,2.980458,2.967892,2.954681,2.941793,2.929871,2.908927,2.900549,2.887338,2.875739,2.86575,2.855439,1.49118,0.601865,0.299628,0.199741,0.160753,0.144642,0.138198,0.134331,0.132398,0.132076,0.130465,0.12982,0.130465,0.130465,0.130787,0.130465,0.129498,0.129498,0.130142,30
128,0.134653,0.134653,0.134976,0.134331,0.134653,0.134331,0.134331,0.134331,0.134653,0.134009,0.134331,0.134653,0.134653,0.134653,0.134331,0.134331,0.13562,0.134976,0.134653,0.134976,0.135298,1.948403,2.904738,3.172177,3.23372,3.236297,3.221475,3.191832,3.171854,3.150588,3.132222,3.1145,3.090012,3.072612,3.05489,3.038457,3.024924,3.010747,2.996569,2.983036,2.966925,2.951781,2.939215,2.925682,2.915371,2.904416,2.892816,2.883472,2.872516,2.85995,2.84545,1.543056,0.619265,0.304461,0.199741,0.160431,0.143998,0.136909,0.13272,0.131431,0.12982,0.12982,0.129176,0.128853,0.129176,0.128853,0.128531,0.128853,0.128853,0.128531,30
129,0.133364,0.133042,0.133364,0.133042,0.133687,0.133687,0.134009,0.133042,0.133687,0.133364,0.134009,0.133687,0.133687,0.133364,0.133042,0.134009,0.134331,0.133687,0.133042,0.134331,1.513735,2.766185,3.139633,3.230175,3.242419,3.229853,3.210842,3.190221,3.169277,3.141244,3.124489,3.104834,3.089045,3.073901,3.058757,3.044579,3.021702,3.00978,2.996247,2.983681,2.972403,2.961448,2.95017,2.936959,2.920204,2.911504,2.899582,2.889594,2.881216,2.871872,1.623288,0.657609,0.319605,0.208763,0.167197,0.149797,0.140775,0.13852,0.136264,0.134976,0.134653,0.134009,0.134009,0.133687,0.133364,0.133042,0.132398,0.13272,0.133042,0.132398,30
130,0.137553,0.137553,0.137553,0.137875,0.138198,0.137553,0.137875,0.137231,0.137553,0.137553,0.137875,0.137875,0.137875,0.138198,0.137875,0.137553,0.137553,0.137553,0.137553,0.137875,1.660343,2.832239,3.17411,3.255308,3.260464,3.238875,3.221153,3.200532,3.177976,3.15671,3.139311,3.121589,3.104189,3.088401,3.073579,3.059079,3.038779,3.02138,3.010747,2.996569,2.983681,2.972725,2.961448,2.950815,2.940182,2.929226,2.910216,2.903449,2.891527,2.881538,1.688698,0.686286,0.332171,0.215529,0.171064,0.152053,0.14432,0.140453,0.137875,0.137553,0.137231,0.136264,0.135942,0.136264,0.134976,0.13562,0.136264,0.13562,0.135298,0.13562,30
131,0.141098,0.141098,0.140775,0.140775,0.140453,0.140131,0.140453,0.140775,0.140131,0.140131,0.140775,0.140453,0.140453,0.140453,0.140453,0.140131,0.140131,0.140453,0.140453,0.140131,1.530168,2.790351,3.16831,3.255953,3.267874,3.255953,3.236297,3.215998,3.185065,3.167666,3.147688,3.128355,3.112245,3.096134,3.081312,3.065846,3.05199,3.038135,3.017191,3.005913,2.992058,2.980781,2.969503,2.957259,2.946626,2.934704,2.924393,2.914727,2.897649,2.889272,1.768285,0.71883,0.344093,0.219718,0.173319,0.153986,0.146253,0.14142,0.139809,0.139164,0.137875,0.137553,0.137553,0.136909,0.137231,0.136587,0.137231,0.136587,0.137231,0.136587,30
132,0.14142,0.140775,0.141098,0.140775,0.141098,0.14142,0.141098,0.142064,0.142709,0.141098,0.142064,0.14142,0.141742,0.14142,0.14142,0.14142,0.14142,0.142064,0.140453,0.142709,1.430603,2.764252,3.167666,3.265297,3.268197,3.259497,3.236942,3.21632,3.196987,3.176688,3.158644,3.130289,3.116756,3.098389,3.084856,3.06939,3.055857,3.042646,3.020413,3.010425,2.995925,2.983681,2.974014,2.962737,2.952426,2.94147,2.926004,2.911827,2.903127,2.892816,1.885893,0.770706,0.361493,0.226162,0.176219,0.156242,0.14722,0.142064,0.140453,0.139809,0.13852,0.137875,0.137553,0.137875,0.137553,0.136909,0.137875,0.137231,0.137231,0.136264,30
133,0.142064,0.142386,0.142386,0.142386,0.143031,0.142064,0.142064,0.142064,0.142064,0.141098,0.141098,0.142386,0.142709,0.142064,0.141098,0.142064,0.142386,0.141742,0.142386,0.142386,1.671942,2.848672,3.190221,3.271097,3.279796,3.265297,3.242742,3.214065,3.195698,3.173465,3.155099,3.138344,3.121589,3.1058,3.090012,3.071001,3.050701,3.041035,3.026535,3.013002,3.002369,2.990447,2.978525,2.968214,2.957259,2.940504,2.927937,2.918593,2.908604,2.898938,1.748952,0.714963,0.344415,0.221974,0.175252,0.156242,0.147542,0.143998,0.140453,0.141098,0.140775,0.139487,0.139164,0.138842,0.138842,0.13852,0.138842,0.137875,0.137553,0.138198,30
134,0.142709,0.143353,0.143675,0.143353,0.143353,0.143353,0.143998,0.143675,0.143031,0.143675,0.143998,0.143353,0.143353,0.143031,0.143031,0.143675,0.143353,0.143353,0.143031,0.143353,1.425448,2.770696,3.176688,3.27303,3.278185,3.262719,3.245964,3.224375,3.201498,3.181199,3.163155,3.146077,3.128355,3.112567,3.096778,3.073256,3.061979,3.045546,3.033946,3.022346,3.010747,2.998503,2.987547,2.96757,2.958548,2.946626,2.935348,2.926326,2.916982,2.907316,1.809528,0.741062,0.354726,0.225518,0.177508,0.157853,0.149153,0.145286,0.142064,0.142064,0.141098,0.140131,0.140131,0.140775,0.139809,0.140131,0.140131,0.140131,0.139487,0.139809,30
135,0.143998,0.14432,0.144642,0.144964,0.144642,0.144964,0.144642,0.144642,0.143675,0.144642,0.144964,0.144964,0.14432,0.144642,0.143998,0.144642,0.143998,0.145286,0.143675,0.145286,1.557234,2.818706,3.191187,3.269486,3.283341,3.268841,3.248219,3.227598,3.206976,3.186676,3.167988,3.149621,3.132222,3.106445,3.090334,3.076479,3.06359,3.048124,3.033946,3.021058,3.00978,2.99818,2.986903,2.975303,2.96467,2.953392,2.941793,2.92246,2.913438,2.90506,1.740252,0.712707,0.34506,0.221974,0.176864,0.157531,0.148831,0.144964,0.143353,0.142064,0.141742,0.140453,0.140775,0.140131,0.140453,0.140453,0.140131,0.140131,0.139809,0.139809,30
136,0.144964,0.144964,0.144642,0.143998,0.145286,0.144642,0.144642,0.14432,0.145286,0.144964,0.145286,0.144964,0.144642,0.145286,0.144964,0.144642,0.144964,0.144964,0.14432,0.145286,1.464758,2.781007,3.177654,3.273352,3.283663,3.270452,3.252086,3.23082,3.209554,3.188932,3.17121,3.144144,3.126422,3.112245,3.094845,3.078412,3.064557,3.050701,3.038135,3.025246,3.012036,3.000114,2.988514,2.97627,2.96467,2.953392,2.938571,2.923104,2.91376,2.901516,1.902326,0.782628,0.368582,0.230673,0.180086,0.159142,0.149475,0.145286,0.143031,0.141742,0.141098,0.140775,0.140453,0.140775,0.141098,0.139487,0.139809,0.140131,0.141098,0.139164,30
137,0.14432,0.144964,0.144642,0.14432,0.144964,0.144642,0.145286,0.144642,0.144964,0.145286,0.144642,0.144964,0.14432,0.144642,0.144964,0.143998,0.144642,0.14432,0.144642,0.144642,1.579467,2.821929,3.187321,3.275285,3.28463,3.272063,3.251442,3.228886,3.20762,3.186676,3.167343,3.142533,3.121589,3.106767,3.091623,3.075512,3.06069,3.045868,3.031691,3.018158,3.005269,2.993025,2.981747,2.97047,2.959514,2.947593,2.937282,2.926649,2.916338,2.906027,1.796317,0.73494,0.352149,0.224229,0.176864,0.156886,0.148509,0.14432,0.142386,0.140775,0.140775,0.139487,0.139164,0.139487,0.139487,0.139164,0.138842,0.138842,0.139164,0.137875,30
138,0.143675,0.143031,0.143675,0.143998,0.143998,0.143675,0.14432,0.14432,0.143675,0.143998,0.143031,0.144642,0.144642,0.143998,0.144642,0.143353,0.14432,0.143998,0.14432,0.14432,1.65422,2.848028,3.189254,3.267552,3.278508,3.264008,3.242742,3.21922,3.197309,3.17701,3.158321,3.141244,3.122878,3.106445,3.091301,3.075512,3.061012,3.038779,3.02428,3.013969,3.000436,2.986258,2.975625,2.964992,2.954359,2.942759,2.933415,2.91956,2.90506,2.89636,1.845939,0.752984,0.35666,0.225196,0.175575,0.156242,0.14722,0.142709,0.141098,0.139487,0.13852,0.13852,0.137875,0.137875,0.137875,0.137875,0.137875,0.138198,0.138198,0.138198,30
